Question Text,Question Type,Option 1,Option 2,Option 3,Option 4,Correct Answer,Time in seconds
"Tên gọi chính thức theo các văn kiện của Đảng và Nhà nước về chiến dịch thường được gọi là ""Đốt lò"" là gì?",Multiple Choice,"Chiến dịch làm trong sạch bộ máy cán bộ nhà nước.","Chiến dịch phòng, chống tham nhũng, lãng phí và tiêu cực.","Chương trình Quốc gia về phòng chống tội phạm kinh tế.","Phong trào thi đua ""Nói không với tiêu cực trong cơ quan nhà nước"".",2,20
"Mốc thời gian nào đánh dấu bước ngoặt quan trọng khi Ban Chỉ đạo Trung ương về phòng, chống tham nhũng chính thức được thành lập do Cố Tổng Bí thư Nguyễn Phú Trọng làm Trưởng ban?",Multiple Choice,"Tháng 05/2010","Ngày 01/02/2013","Ngày 19/05/2015","Ngày 02/09/2017",2,20
"Khẩu hiệu, nguyên tắc chỉ đạo nổi tiếng xuyên suốt chiến dịch ""Đốt lò"" trong việc xử lý các vi phạm là gì?",Multiple Choice,"""Nhanh chóng, gọn nhẹ, ưu tiên hòa giải.""","""Xử lý nội bộ, rút kinh nghiệm sâu sắc.""","""Không có vùng cấm, không có ngoại lệ.""","""Tập trung xử lý cán bộ cấp cao trước, cấp dưới sau.""",3,20
"Khi được hỏi về người khởi xướng công tác phòng, chống tham nhũng ở Việt Nam, nhận định nào sau đây là chuẩn xác nhất?",Multiple Choice,"Cố Tổng Bí thư Nguyễn Phú Trọng là người đầu tiên phát minh ra công tác chống tham nhũng.","Chiến dịch hoàn toàn do Bộ Công an tự khởi xướng độc lập từ năm 2013.","Công tác này đã có từ trước, nhưng giai đoạn từ 2012–2013 đánh dấu bước tăng cường mạnh mẽ về tổ chức và chỉ đạo gắn liền với vai trò của Cố Tổng Bí thư.","Trước năm 2013, Việt Nam chưa từng có bất kỳ quy định hay hoạt động chống tham nhũng nào.",3,20
"Theo chỉ đạo của Ban Nội chính Trung ương, việc xử lý các vụ án tham nhũng phải đảm bảo sự gắn kết đồng bộ giữa các khâu nào sau đây?",Multiple Choice,"Điều tra, truy tố, xét xử và thu hồi tài sản.","Phát hiện, phê bình, kỷ luật đảng và cảnh cáo.","Bồi thường, tha bổng, hạ chức và chuyển công tác.","Tuyên truyền, vận động, kiểm điểm và đóng hồ sơ.",1,20
"Theo Hồ Chí Minh, khi đã có quyết định chung trong Đảng thì cần làm gì?",Multiple Choice,"Mỗi người thực hiện theo ý kiến riêng.","Thống nhất và nghiêm túc thực hiện.","Không cần thực hiện.","Tiếp tục tranh luận.",2,20
"Mục đích của tự phê bình và phê bình là gì?",Multiple Choice,"Chỉ trích và xử lý người mắc lỗi.","Tạo sự cạnh tranh trong Đảng.","Sửa chữa khuyết điểm, tiến bộ và củng cố đoàn kết.","Đánh giá thành tích cá nhân.",3,20
"Theo Hồ Chí Minh, điều gì tạo nên sức mạnh của Đảng?",Multiple Choice,"Kinh tế.","Đoàn kết, thống nhất.","Công nghệ.","Quy mô tổ chức.",2,20
"Hồ Chí Minh khẳng định cán bộ là gì?",Multiple Choice,"Người quản lý mọi công việc.","Cái gốc của mọi công việc.","Người có quyền lực cao nhất.","Người chỉ thực hiện mệnh lệnh.",2,20
"Một yêu cầu quan trọng đối với cán bộ, đảng viên là gì?",Multiple Choice,"Xa rời nhân dân.","Chỉ quan tâm đến lợi ích cá nhân.","Tiên phong, gương mẫu và gắn bó với nhân dân.","Tránh tham gia công việc khó khăn.",3,20
"Theo tư tưởng Hồ Chí Minh, nền tảng tư tưởng và kim chỉ nam cho hành động của Đảng Cộng sản Việt Nam là gì?",Multiple Choice,"Chủ nghĩa yêu nước Việt Nam.","Chủ nghĩa Mác - Lênin.","Chủ nghĩa Mác - Lênin và tư tưởng Hồ Chí Minh.","Tư tưởng Hồ Chí Minh và truyền thống văn hóa dân tộc.",3,20
"Theo Hồ Chí Minh, Đảng Cộng sản Việt Nam là đảng của giai cấp nào, đồng thời là đảng của ai?",Multiple Choice,"Của giai cấp công nhân và nhân dân lao động.","Của giai cấp công nhân, giai cấp nông dân và tầng lớp trí thức.","Của giai cấp công nhân, giai cấp nông dân và toàn thể dân tộc Việt Nam.","Của toàn thể nhân dân Việt Nam yêu nước.",3,20
"Hồ Chí Minh khẳng định nguyên tắc tổ chức cơ bản nhất của Đảng Cộng sản Việt Nam là gì?",Multiple Choice,"Tập trung dân chủ.","Đoàn kết thống nhất trong Đảng.","Tự phê bình và phê bình.","Kỷ luật nghiêm minh và tự giác.",1,20
"Theo tư tưởng Hồ Chí Minh, sức mạnh vô địch của Đảng Cộng sản Việt Nam bắt nguồn từ đâu?",Multiple Choice,"Số lượng đảng viên đông đảo.","Sự lãnh đạo toàn diện của Trung ương Đảng.","Sự đoàn kết, thống nhất trong Đảng và mối quan hệ mật thiết với nhân dân.","Việc nắm giữ toàn bộ hệ thống chính quyền nhà nước.",3,20
"Đảng Cộng sản Việt Nam lấy đạo đức làm gốc, trong tư tưởng Hồ Chí Minh, ""đảng viên đi trước,..."" câu tiếp theo là gì?",Multiple Choice,"Nước theo sau.","Làng theo sau.","Làng nước theo sau.","Đất nước theo sau.",2,20
"Vì sao theo tư tưởng Hồ Chí Minh, Đảng phải trong sạch, vững mạnh?",Multiple Choice,"Để tăng cường quyền lực và vai trò của tổ chức Đảng.","Để giữ vững vai trò lãnh đạo và phục vụ nhân dân.","Để bảo đảm mọi cán bộ đều có quyền quyết định.","Để hạn chế sự tham gia của quần chúng nhân dân.",2,20
"Nội dung nào sau đây thể hiện rõ nhất đạo đức của Đảng?",Multiple Choice,"Đặt lợi ích cá nhân lên trên lợi ích tập thể.","Tập trung quyền lực để bảo đảm sự thống nhất.","Vì lợi ích Tổ quốc, nhân dân và chống chủ nghĩa cá nhân.","Ưu tiên lợi ích của tổ chức trước lợi ích của nhân dân.",3,20
"Theo Hồ Chí Minh, cán bộ, đảng viên cần có phẩm chất nào sau đây?",Multiple Choice,"Cần, kiệm, liêm, chính, chí công vô tư.","Linh hoạt, quyết đoán, cạnh tranh và đổi mới.","Tập trung quyền lực, bảo vệ lợi ích cá nhân.","Ưu tiên lợi ích tổ chức hơn lợi ích nhân dân.",1,20
"Nội dung nào không phù hợp với nguyên tắc hoạt động của Đảng?",Multiple Choice,"Tập trung dân chủ.","Tự phê bình và phê bình.","Kỷ luật nghiêm minh, tự giác.","Đề cao lợi ích cá nhân trong tổ chức.",4,20
"Để xây dựng Đảng trong sạch, vững mạnh, cần làm gì?",Multiple Choice,"Chỉ tập trung nâng cao năng lực cán bộ.","Tăng cường kỷ luật và hạn chế phê bình.","Thường xuyên tự chỉnh đốn, giữ đoàn kết và gắn bó với dân.","Ưu tiên phát triển tổ chức trước các vấn đề về đạo đức.",3,20
"Theo tinh thần của chiến dịch ""đốt lò"", nguyên tắc nổi bật khi xử lý tham nhũng là gì?",Multiple Choice,"Xử lý người vi phạm cấp thấp trước.","Chỉ xử lý khi có dư luận.","Không có vùng cấm, không có ngoại lệ.","Ưu tiên xử phạt hành chính.",3,20
"""Không có vùng cấm, không có ngoại lệ"" thể hiện điều gì?",Multiple Choice,"Không ai được miễn xử lý khi vi phạm.","Chỉ xử lý cán bộ cấp cao.","Chỉ xử lý doanh nghiệp.","Chỉ xử lý khi có đơn tố cáo.",1,20
"Trong vụ Việt Á, tại sao hành vi thông đồng đấu thầu có thể gây thiệt hại cho Nhà nước?",Multiple Choice,"Làm giảm số lượng kit.","Làm sai lệch giá và quá trình mua sắm công.","Làm tăng thuế.","Làm giảm nhu cầu xét nghiệm.",2,20
"Ngoài tham nhũng, công tác ""đốt lò"" hiện nay được mở rộng thêm hai nội dung nào?",Multiple Choice,"Gian lận và trốn thuế.","Lãng phí và tiêu cực.","Thất nghiệp và nghèo đói.","Đầu tư và xuất khẩu.",2,20
"Ngày 18/6/2026, Ban Chỉ đạo Trung ương về phòng, chống tham nhũng, lãng phí, tiêu cực tổ chức tại phiên họp thứ mấy?",Multiple Choice,"Phiên họp thứ 28.","Phiên họp thứ 29.","Phiên họp thứ 30.","Phiên họp thứ 31.",3,20
"Hội nghị hợp nhất các tổ chức cộng sản thành lập Đảng Cộng sản Việt Nam diễn ra ở đâu và do ai chủ trì?",Multiple Choice,"Quảng Châu (Trung Quốc) – do Lê Hồng Sơn chủ trì.","Cửu Long, Hương Cảng (Trung Quốc) – do Nguyễn Ái Quốc chủ trì.","Hà Nội (Việt Nam) – do Trịnh Đình Cửu chủ trì.","Cao Bằng (Việt Nam) – do Hồ Tùng Mậu chủ trì.",2,20
"Tổ chức cộng sản nào sau đây KHÔNG có đại biểu kịp tham dự Hội nghị thành lập Đảng đầu năm 1930?",Multiple Choice,"Đông Dương Cộng sản Đảng.","An Nam Cộng sản Đảng.","Đông Dương Cộng sản Liên đoàn.","Tân Việt Cách mạng Đảng.",3,20
"Hội nghị thành lập Đảng đầu năm 1930 đã thông qua các văn kiện quan trọng nào?",Multiple Choice,"Đường kách mệnh, Bản án chế độ thực dân Pháp.","Cương lĩnh chính trị năm 1991, Tuyên ngôn Độc lập.","Báo cáo chính trị, Luận cương chính trị tháng 10/1930.","Chánh cương vắn tắt, Sách lược vắn tắt, Chương trình tóm tắt, Điều lệ vắn tắt.",4,20
"Con số 5 người trong các tài liệu lịch sử thể hiện thành phần nào tại Hội nghị thành lập Đảng?",Multiple Choice,"Số lượng đại biểu chính thức tham dự Hội nghị.","Tổng số người có mặt trong phòng họp bao gồm cả người giúp việc.","Số lượng đại biểu đại diện cho An Nam Cộng sản Đảng.","Số lượng đại biểu đại diện cho Đông Dương Cộng sản Đảng.",1,20
"Nguyên nhân khiến một số tài liệu lịch sử ghi nhận con số 7 người tại Hội nghị thành lập Đảng là gì?",Multiple Choice,"Do có thêm 2 đại biểu của Đông Dương Cộng sản Liên đoàn đến dự muộn.","Do tính thêm 2 đồng chí giúp việc, chuẩn bị và hỗ trợ Hội nghị là Lê Hồng Sơn và Hồ Tùng Mậu.","Do Quốc tế Cộng sản cử thêm 2 đại biểu đại diện tham dự.","Do tính cả 2 đại biểu đại diện cho phong trào công nhân trong nước.",2,20
